{"uniqueIdentifier":"player_spritesheet","imageFilename":"FrostAnim01b.png","frameWidth":"74","frameHeight":"86","fps":"16","rows":4,"cols":7,"sequences":[{"guiListID":"seq0","targetObject":"player","sequenceName":"Standing_right","startFrame":"20","endFrame":"20","oscillate":false,"flipHorizontal":false,"flipVertical":false},{"guiListID":"seq1","targetObject":"player","sequenceName":"Standing_left","startFrame":"20","endFrame":"20","oscillate":false,"flipHorizontal":true,"flipVertical":false},{"guiListID":"seq2","targetObject":"player","sequenceName":"Walking_right","startFrame":"0","endFrame":"26","oscillate":false,"flipHorizontal":false,"flipVertical":false},{"guiListID":"seq3","targetObject":"player","sequenceName":"Walking_left","startFrame":"0","endFrame":"26","oscillate":false,"flipHorizontal":true,"flipVertical":false},{"guiListID":"seq4","targetObject":"player","sequenceName":"Jumping_right","startFrame":"23","endFrame":"23","oscillate":false,"flipHorizontal":false,"flipVertical":false},{"guiListID":"seq5","targetObject":"player","sequenceName":"Jumping_left","startFrame":"23","endFrame":"23","oscillate":false,"flipHorizontal":true,"flipVertical":false},{"guiListID":"seq6","targetObject":"player","sequenceName":"Falling_right","startFrame":"17","endFrame":"17","oscillate":false,"flipHorizontal":false,"flipVertical":false},{"guiListID":"seq7","targetObject":"player","sequenceName":"Falling_left","startFrame":"17","endFrame":"17","oscillate":false,"flipHorizontal":true,"flipVertical":false}]}