{"uniqueIdentifier":"penguin","imageFilename":"penguin.png","frameWidth":"32","frameHeight":"32","fps":"8","rows":3,"cols":3,"sequences":[{"guiListID":"seq8","targetObject":"player","sequenceName":"Standing_left","startFrame":"0","endFrame":"0","oscillate":false,"flipHorizontal":false,"flipVertical":false},{"guiListID":"seq9","targetObject":"player","sequenceName":"Standing_right","startFrame":"0","endFrame":"0","oscillate":false,"flipHorizontal":false,"flipVertical":false},{"guiListID":"seq10","targetObject":"player","sequenceName":"Walking_left","startFrame":"0","endFrame":"3","oscillate":false,"flipHorizontal":false,"flipVertical":false},{"guiListID":"seq11","targetObject":"player","sequenceName":"Walking_right","startFrame":"0","endFrame":"3","oscillate":false,"flipHorizontal":false,"flipVertical":false},{"guiListID":"seq12","targetObject":"player","sequenceName":"Jumping_left","startFrame":"4","endFrame":"7","oscillate":false,"flipHorizontal":false,"flipVertical":false},{"guiListID":"seq13","targetObject":"player","sequenceName":"Jumping_right","startFrame":"4","endFrame":"7","oscillate":false,"flipHorizontal":false,"flipVertical":false},{"guiListID":"seq14","targetObject":"player","sequenceName":"Falling_left","startFrame":"4","endFrame":"7","oscillate":false,"flipHorizontal":false,"flipVertical":false},{"guiListID":"seq15","targetObject":"player","sequenceName":"Falling_right","startFrame":"4","endFrame":"7","oscillate":false,"flipHorizontal":false,"flipVertical":false}]}