{"uniqueIdentifier":"player_spritesheet","imageFilename":"run-sprite-sheet.png","frameWidth":"100","frameHeight":"150","fps":"12","rows":2,"cols":7,"sequences":[{"guiListID":"seq0","targetObject":"player","sequenceName":"Standing_right","startFrame":"2","endFrame":"2","oscillate":false,"flipHorizontal":false,"flipVertical":false},{"guiListID":"seq1","targetObject":"player","sequenceName":"Standing_left","startFrame":"2","endFrame":"2","oscillate":false,"flipHorizontal":true,"flipVertical":false},{"guiListID":"seq2","targetObject":"player","sequenceName":"Walking_right","startFrame":"0","endFrame":"9","oscillate":false,"flipHorizontal":false,"flipVertical":false},{"guiListID":"seq3","targetObject":"player","sequenceName":"Walking_left","startFrame":"0","endFrame":"9","oscillate":false,"flipHorizontal":true,"flipVertical":false},{"guiListID":"seq4","targetObject":"player","sequenceName":"Jumping_right","startFrame":"6","endFrame":"6","oscillate":false,"flipHorizontal":false,"flipVertical":false},{"guiListID":"seq5","targetObject":"player","sequenceName":"Jumping_left","startFrame":"6","endFrame":"6","oscillate":false,"flipHorizontal":true,"flipVertical":false},{"guiListID":"seq6","targetObject":"player","sequenceName":"Falling_right","startFrame":"6","endFrame":"6","oscillate":false,"flipHorizontal":false,"flipVertical":false},{"guiListID":"seq7","targetObject":"player","sequenceName":"Falling_left","startFrame":"6","endFrame":"6","oscillate":false,"flipHorizontal":true,"flipVertical":false}]}